{
  "w1": 2.589951568383767,
  "w2": -3.9893698925191408,
  "b": -2.401843331422858
}