{
  "w1": 0.5765096080610004,
  "w2": 0.489289489845663,
  "b": -4.0403833474163084
}