{
  "w1": 0.9817856170973828,
  "w2": -1.1263800307034997,
  "b": -2.8319270324908405
}