{
  "w1": 0.8034415477999031,
  "w2": 0.2841139184304029,
  "b": -3.6130791036326033
}